dataset_id,name,rows,columns,uploaded_by,upload_date
DS-1000,Dataset_0,790488,32,analyst1,2024-03-02
DS-1001,Dataset_1,294539,22,data_scientist,2025-08-21
DS-1002,Dataset_2,886777,23,data_scientist,2024-05-06
DS-1003,Dataset_3,417080,42,cyber_admin,2025-08-03
DS-1004,Dataset_4,655737,16,cyber_admin,2024-10-26
DS-1005,Dataset_5,66573,26,analyst1,2024-10-02
DS-1006,Dataset_6,202880,22,analyst1,2025-06-24
DS-1007,Dataset_7,991692,13,data_scientist,2025-05-27
DS-1008,Dataset_8,892629,46,analyst1,2025-05-02
DS-1009,Dataset_9,864829,10,analyst1,2025-01-16
DS-1010,Dataset_10,528191,14,cyber_admin,2024-07-04
DS-1011,Dataset_11,328277,19,data_scientist,2025-10-25
DS-1012,Dataset_12,986855,13,analyst1,2024-01-25
DS-1013,Dataset_13,306488,18,it_admin,2024-10-18
DS-1014,Dataset_14,930898,46,analyst2,2025-07-02
DS-1015,Dataset_15,70702,31,cyber_admin,2025-03-11
DS-1016,Dataset_16,780503,32,analyst1,2024-02-09
DS-1017,Dataset_17,919335,19,it_admin,2025-11-11
DS-1018,Dataset_18,157174,41,analyst1,2024-04-27
DS-1019,Dataset_19,285917,33,data_scientist,2024-03-19
DS-1020,Dataset_20,792043,7,data_scientist,2025-05-22
DS-1021,Dataset_21,113710,11,data_scientist,2025-06-21
DS-1022,Dataset_22,49196,36,analyst1,2024-02-08
DS-1023,Dataset_23,29680,21,it_admin,2024-07-10
DS-1024,Dataset_24,670224,23,analyst2,2025-12-14
DS-1025,Dataset_25,983364,45,analyst2,2024-07-17
DS-1026,Dataset_26,67616,6,analyst2,2025-08-16
DS-1027,Dataset_27,959949,42,analyst2,2024-12-13
DS-1028,Dataset_28,68862,47,it_admin,2025-09-07
DS-1029,Dataset_29,974724,36,data_scientist,2025-07-13
DS-1030,Dataset_30,402252,28,analyst2,2025-09-16
DS-1031,Dataset_31,49373,22,analyst1,2025-10-20
DS-1032,Dataset_32,261148,12,analyst2,2024-05-18
DS-1033,Dataset_33,732710,18,it_admin,2025-12-11
DS-1034,Dataset_34,208147,48,data_scientist,2024-01-21
DS-1035,Dataset_35,302495,23,it_admin,2024-06-19
DS-1036,Dataset_36,759314,21,data_scientist,2025-07-22
DS-1037,Dataset_37,625415,44,cyber_admin,2024-06-24
DS-1038,Dataset_38,191133,22,analyst1,2025-11-20
DS-1039,Dataset_39,424495,44,analyst2,2025-10-30
DS-1040,Dataset_40,875632,28,analyst1,2025-12-10
DS-1041,Dataset_41,555304,14,cyber_admin,2025-11-29
DS-1042,Dataset_42,857570,35,analyst2,2025-07-13
DS-1043,Dataset_43,192805,22,cyber_admin,2024-09-08
DS-1044,Dataset_44,942390,14,it_admin,2024-07-24
DS-1045,Dataset_45,289673,9,cyber_admin,2025-06-11
DS-1046,Dataset_46,965508,20,analyst1,2024-10-21
DS-1047,Dataset_47,976247,6,cyber_admin,2025-10-17
DS-1048,Dataset_48,914075,8,cyber_admin,2024-04-02
DS-1049,Dataset_49,891687,37,data_scientist,2025-04-05
DS-1050,Dataset_50,752575,49,analyst1,2024-09-20
DS-1051,Dataset_51,765552,28,data_scientist,2024-10-14
DS-1052,Dataset_52,779930,7,data_scientist,2025-10-28
DS-1053,Dataset_53,507451,7,data_scientist,2024-07-05
DS-1054,Dataset_54,493087,49,analyst1,2025-05-23
DS-1055,Dataset_55,267342,8,analyst1,2025-11-13
DS-1056,Dataset_56,764338,34,cyber_admin,2025-10-25
DS-1057,Dataset_57,318424,29,analyst2,2024-05-10
DS-1058,Dataset_58,25412,36,data_scientist,2025-10-17
DS-1059,Dataset_59,412713,12,analyst2,2024-09-29
DS-1060,Dataset_60,417305,26,analyst1,2025-04-25
DS-1061,Dataset_61,559283,6,analyst2,2025-03-11
DS-1062,Dataset_62,713490,42,it_admin,2025-07-11
DS-1063,Dataset_63,248589,40,it_admin,2025-08-16
DS-1064,Dataset_64,219344,42,data_scientist,2024-07-19
DS-1065,Dataset_65,166618,23,cyber_admin,2024-08-29
DS-1066,Dataset_66,992707,37,cyber_admin,2024-09-09
DS-1067,Dataset_67,174248,31,it_admin,2025-06-05
DS-1068,Dataset_68,681902,7,analyst1,2024-12-07
DS-1069,Dataset_69,111640,19,analyst2,2025-04-06
DS-1070,Dataset_70,721049,47,cyber_admin,2024-01-14
DS-1071,Dataset_71,679720,42,analyst2,2024-08-07
DS-1072,Dataset_72,681427,20,cyber_admin,2024-03-12
DS-1073,Dataset_73,235555,16,analyst2,2024-06-14
DS-1074,Dataset_74,633373,15,analyst1,2024-02-28
DS-1075,Dataset_75,397854,5,it_admin,2024-10-16
DS-1076,Dataset_76,291387,34,analyst2,2024-05-17
DS-1077,Dataset_77,831100,9,analyst2,2024-06-11
DS-1078,Dataset_78,218942,6,data_scientist,2025-08-30
DS-1079,Dataset_79,871852,14,it_admin,2025-07-10
DS-1080,Dataset_80,150729,18,it_admin,2025-03-11
DS-1081,Dataset_81,242291,5,data_scientist,2024-09-08
DS-1082,Dataset_82,660503,13,it_admin,2025-02-21
DS-1083,Dataset_83,610659,12,data_scientist,2025-08-24
DS-1084,Dataset_84,50147,7,analyst2,2025-08-03
DS-1085,Dataset_85,52764,48,analyst1,2025-05-20
DS-1086,Dataset_86,187806,26,analyst2,2025-03-07
DS-1087,Dataset_87,684508,33,cyber_admin,2025-07-30
DS-1088,Dataset_88,286357,44,it_admin,2025-01-04
DS-1089,Dataset_89,900764,22,it_admin,2025-11-04
DS-1090,Dataset_90,158815,7,it_admin,2024-01-21
DS-1091,Dataset_91,815547,38,data_scientist,2024-04-20
DS-1092,Dataset_92,447126,12,cyber_admin,2024-02-01
DS-1093,Dataset_93,515428,19,analyst1,2024-12-24
DS-1094,Dataset_94,215892,33,data_scientist,2025-08-18
DS-1095,Dataset_95,20607,14,it_admin,2024-08-16
DS-1096,Dataset_96,949505,32,it_admin,2024-02-26
DS-1097,Dataset_97,476638,13,data_scientist,2024-01-24
DS-1098,Dataset_98,62265,19,data_scientist,2024-02-18
DS-1099,Dataset_99,848024,21,analyst1,2025-10-31
DS-1100,Dataset_100,709736,25,cyber_admin,2024-12-24
DS-1101,Dataset_101,746628,45,data_scientist,2025-06-13
DS-1102,Dataset_102,487183,16,it_admin,2025-09-04
DS-1103,Dataset_103,926138,45,it_admin,2024-05-18
DS-1104,Dataset_104,703365,44,data_scientist,2024-06-13
DS-1105,Dataset_105,426723,21,cyber_admin,2025-09-09
DS-1106,Dataset_106,207752,48,analyst2,2024-06-07
DS-1107,Dataset_107,349694,50,data_scientist,2025-09-08
DS-1108,Dataset_108,120138,22,cyber_admin,2024-07-19
DS-1109,Dataset_109,840573,9,cyber_admin,2024-04-05
DS-1110,Dataset_110,767526,28,data_scientist,2024-10-25
DS-1111,Dataset_111,198125,40,cyber_admin,2025-04-12
DS-1112,Dataset_112,479104,19,data_scientist,2024-12-12
DS-1113,Dataset_113,148111,19,cyber_admin,2025-04-03
DS-1114,Dataset_114,327466,41,it_admin,2025-04-14
DS-1115,Dataset_115,702692,40,data_scientist,2024-02-08
DS-1116,Dataset_116,404412,37,cyber_admin,2024-12-09
DS-1117,Dataset_117,876671,6,it_admin,2025-03-29
DS-1118,Dataset_118,524387,22,analyst2,2025-08-10
DS-1119,Dataset_119,963391,25,data_scientist,2024-06-21
DS-1120,Dataset_120,303585,35,analyst2,2025-02-13
DS-1121,Dataset_121,879146,31,analyst1,2025-06-25
DS-1122,Dataset_122,195326,45,analyst2,2024-08-14
DS-1123,Dataset_123,180560,6,it_admin,2024-08-15
DS-1124,Dataset_124,219901,49,analyst1,2024-08-17
DS-1125,Dataset_125,2535,19,it_admin,2025-12-13
DS-1126,Dataset_126,971489,29,it_admin,2024-03-30
DS-1127,Dataset_127,412511,14,analyst2,2024-03-30
DS-1128,Dataset_128,164050,47,cyber_admin,2024-09-06
DS-1129,Dataset_129,150947,47,cyber_admin,2025-01-25
DS-1130,Dataset_130,333046,40,data_scientist,2025-09-16
DS-1131,Dataset_131,166380,29,cyber_admin,2025-01-06
DS-1132,Dataset_132,601385,34,analyst1,2024-04-21
DS-1133,Dataset_133,50328,35,cyber_admin,2024-01-20
DS-1134,Dataset_134,348164,23,data_scientist,2025-09-30
DS-1135,Dataset_135,116554,23,it_admin,2024-06-05
DS-1136,Dataset_136,470896,48,it_admin,2024-01-25
DS-1137,Dataset_137,194160,18,it_admin,2025-02-21
DS-1138,Dataset_138,583240,5,cyber_admin,2024-12-19
DS-1139,Dataset_139,122141,30,data_scientist,2025-11-28
DS-1140,Dataset_140,176341,31,analyst1,2025-11-07
DS-1141,Dataset_141,528125,16,it_admin,2025-08-12
DS-1142,Dataset_142,418443,42,data_scientist,2024-01-21
DS-1143,Dataset_143,619987,33,data_scientist,2024-08-02
DS-1144,Dataset_144,558074,12,data_scientist,2025-02-14
DS-1145,Dataset_145,290581,26,analyst2,2025-08-21
DS-1146,Dataset_146,679185,37,analyst2,2024-05-25
DS-1147,Dataset_147,164679,50,data_scientist,2024-05-15
DS-1148,Dataset_148,414380,15,analyst1,2024-05-06
DS-1149,Dataset_149,271458,37,it_admin,2024-03-23
DS-1150,Dataset_150,350660,38,data_scientist,2024-03-16
DS-1151,Dataset_151,118124,30,it_admin,2025-10-24
DS-1152,Dataset_152,323801,26,it_admin,2025-07-01
DS-1153,Dataset_153,716930,22,it_admin,2024-03-14
DS-1154,Dataset_154,334752,9,analyst1,2024-02-12
DS-1155,Dataset_155,696680,34,analyst2,2025-03-30
DS-1156,Dataset_156,832277,41,analyst2,2024-10-14
DS-1157,Dataset_157,775887,10,cyber_admin,2024-05-07
DS-1158,Dataset_158,27173,16,analyst2,2025-02-09
DS-1159,Dataset_159,491309,46,analyst2,2024-02-24
DS-1160,Dataset_160,771654,42,analyst1,2024-08-18
DS-1161,Dataset_161,551716,38,cyber_admin,2024-02-15
DS-1162,Dataset_162,761264,27,analyst1,2024-02-08
DS-1163,Dataset_163,937454,33,analyst1,2024-02-28
DS-1164,Dataset_164,78783,22,analyst2,2024-03-29
DS-1165,Dataset_165,805049,21,analyst2,2025-11-05
DS-1166,Dataset_166,879969,22,it_admin,2024-12-28
DS-1167,Dataset_167,946587,24,data_scientist,2025-11-15
DS-1168,Dataset_168,870659,42,analyst2,2025-12-13
DS-1169,Dataset_169,998357,31,data_scientist,2025-04-03
DS-1170,Dataset_170,515707,11,analyst2,2024-12-22
DS-1171,Dataset_171,987598,11,it_admin,2025-12-01
DS-1172,Dataset_172,206823,17,analyst1,2024-04-19
DS-1173,Dataset_173,189785,29,cyber_admin,2025-04-29
DS-1174,Dataset_174,686577,16,it_admin,2024-12-25
DS-1175,Dataset_175,842951,49,it_admin,2024-04-21
DS-1176,Dataset_176,352922,40,analyst2,2025-05-10
DS-1177,Dataset_177,560167,42,analyst1,2024-12-09
DS-1178,Dataset_178,345150,33,it_admin,2025-11-24
DS-1179,Dataset_179,759631,5,cyber_admin,2025-03-09
DS-1180,Dataset_180,58150,30,cyber_admin,2024-06-23
DS-1181,Dataset_181,569936,45,analyst1,2025-11-02
DS-1182,Dataset_182,123094,36,analyst1,2024-12-01
DS-1183,Dataset_183,474124,16,it_admin,2025-10-11
DS-1184,Dataset_184,475066,33,data_scientist,2024-03-14
DS-1185,Dataset_185,392221,10,cyber_admin,2025-04-15
DS-1186,Dataset_186,14691,28,analyst2,2025-04-12
DS-1187,Dataset_187,543226,23,it_admin,2025-02-05
DS-1188,Dataset_188,517106,40,analyst1,2025-11-29
DS-1189,Dataset_189,923342,39,data_scientist,2024-06-14
DS-1190,Dataset_190,616854,23,analyst1,2025-04-17
DS-1191,Dataset_191,503275,5,it_admin,2025-10-24
DS-1192,Dataset_192,567895,26,cyber_admin,2025-09-19
DS-1193,Dataset_193,425559,38,cyber_admin,2025-07-21
DS-1194,Dataset_194,884377,28,analyst2,2025-05-19
DS-1195,Dataset_195,570152,26,analyst2,2025-04-19
DS-1196,Dataset_196,332721,20,it_admin,2025-01-28
DS-1197,Dataset_197,9171,22,it_admin,2025-11-18
DS-1198,Dataset_198,287639,28,it_admin,2025-02-26
DS-1199,Dataset_199,179775,31,it_admin,2024-05-09
DS-1200,Dataset_200,516544,10,analyst1,2024-02-15
DS-1201,Dataset_201,12123,29,analyst2,2024-12-10
DS-1202,Dataset_202,570758,35,it_admin,2024-12-10
DS-1203,Dataset_203,356697,30,data_scientist,2025-04-16
DS-1204,Dataset_204,296630,45,cyber_admin,2024-09-17
DS-1205,Dataset_205,809518,43,analyst1,2024-11-01
DS-1206,Dataset_206,665763,39,data_scientist,2024-03-04
DS-1207,Dataset_207,620430,23,analyst1,2024-12-03
DS-1208,Dataset_208,615521,5,analyst2,2025-03-31
DS-1209,Dataset_209,434841,32,data_scientist,2025-11-23
DS-1210,Dataset_210,714478,28,analyst2,2024-07-19
DS-1211,Dataset_211,94842,28,analyst1,2025-10-29
DS-1212,Dataset_212,411891,22,data_scientist,2024-07-05
DS-1213,Dataset_213,783012,14,data_scientist,2024-11-18
DS-1214,Dataset_214,510371,38,it_admin,2024-05-24
DS-1215,Dataset_215,2139,16,data_scientist,2025-10-31
DS-1216,Dataset_216,764119,7,data_scientist,2024-06-20
DS-1217,Dataset_217,387872,8,data_scientist,2025-04-14
DS-1218,Dataset_218,517207,6,analyst2,2024-10-26
DS-1219,Dataset_219,218606,20,cyber_admin,2024-06-20
DS-1220,Dataset_220,359104,37,data_scientist,2025-04-28
DS-1221,Dataset_221,437033,45,data_scientist,2025-02-26
DS-1222,Dataset_222,426161,27,analyst1,2024-05-08
DS-1223,Dataset_223,238064,30,cyber_admin,2025-02-08
DS-1224,Dataset_224,852478,10,analyst2,2025-04-16
DS-1225,Dataset_225,724136,29,analyst1,2025-08-03
DS-1226,Dataset_226,864655,44,analyst1,2024-02-22
DS-1227,Dataset_227,836984,24,it_admin,2024-05-01
DS-1228,Dataset_228,682933,27,it_admin,2024-08-22
DS-1229,Dataset_229,825051,9,analyst2,2024-01-27
DS-1230,Dataset_230,464679,5,analyst2,2025-10-15
DS-1231,Dataset_231,753883,14,analyst2,2024-07-10
DS-1232,Dataset_232,352144,40,cyber_admin,2025-07-26
DS-1233,Dataset_233,475919,42,analyst2,2025-10-23
DS-1234,Dataset_234,711532,35,analyst2,2025-03-08
DS-1235,Dataset_235,237620,20,it_admin,2024-09-20
DS-1236,Dataset_236,414539,28,it_admin,2024-07-10
DS-1237,Dataset_237,896146,18,data_scientist,2024-09-24
DS-1238,Dataset_238,404381,45,it_admin,2024-06-02
DS-1239,Dataset_239,70739,21,analyst1,2024-05-29
DS-1240,Dataset_240,662570,18,it_admin,2025-02-07
DS-1241,Dataset_241,977198,14,analyst2,2025-03-13
DS-1242,Dataset_242,273023,49,analyst2,2024-11-22
DS-1243,Dataset_243,472517,6,data_scientist,2024-08-14
DS-1244,Dataset_244,211651,24,analyst2,2024-05-17
DS-1245,Dataset_245,579788,38,it_admin,2024-11-29
DS-1246,Dataset_246,565102,33,analyst2,2024-01-26
DS-1247,Dataset_247,54198,26,analyst2,2024-05-09
DS-1248,Dataset_248,551377,15,cyber_admin,2024-08-15
DS-1249,Dataset_249,581185,8,cyber_admin,2024-12-22
DS-1250,Dataset_250,488556,17,data_scientist,2025-03-29
DS-1251,Dataset_251,526859,5,analyst2,2024-04-04
DS-1252,Dataset_252,655033,42,it_admin,2024-03-06
DS-1253,Dataset_253,585576,25,cyber_admin,2025-07-14
DS-1254,Dataset_254,827393,49,data_scientist,2025-04-21
DS-1255,Dataset_255,229892,13,analyst1,2025-08-28
DS-1256,Dataset_256,316335,28,data_scientist,2024-05-12
DS-1257,Dataset_257,728178,46,analyst1,2024-06-17
DS-1258,Dataset_258,947813,16,it_admin,2025-02-01
DS-1259,Dataset_259,58221,14,data_scientist,2025-11-28
DS-1260,Dataset_260,301857,26,analyst2,2024-07-18
DS-1261,Dataset_261,932644,14,cyber_admin,2025-01-25
DS-1262,Dataset_262,650758,8,data_scientist,2024-10-07
DS-1263,Dataset_263,409733,45,analyst1,2025-12-02
DS-1264,Dataset_264,730036,15,it_admin,2024-02-25
DS-1265,Dataset_265,749243,30,analyst2,2024-03-24
DS-1266,Dataset_266,893449,25,data_scientist,2024-04-19
DS-1267,Dataset_267,8002,34,cyber_admin,2025-10-24
DS-1268,Dataset_268,517495,15,analyst1,2024-09-25
DS-1269,Dataset_269,311810,10,analyst1,2025-05-08
DS-1270,Dataset_270,258051,42,cyber_admin,2024-09-28
DS-1271,Dataset_271,184832,29,analyst1,2024-07-04
DS-1272,Dataset_272,470132,45,data_scientist,2024-07-17
DS-1273,Dataset_273,638914,27,analyst2,2024-01-18
DS-1274,Dataset_274,216729,24,it_admin,2024-11-19
DS-1275,Dataset_275,239257,39,data_scientist,2024-04-12
DS-1276,Dataset_276,259631,11,it_admin,2024-04-22
DS-1277,Dataset_277,450697,12,it_admin,2024-06-25
DS-1278,Dataset_278,90902,14,it_admin,2025-06-01
DS-1279,Dataset_279,863711,47,it_admin,2024-01-25
DS-1280,Dataset_280,119699,12,cyber_admin,2024-08-14
DS-1281,Dataset_281,918674,26,it_admin,2025-11-05
DS-1282,Dataset_282,518229,40,analyst1,2025-07-03
DS-1283,Dataset_283,121356,27,cyber_admin,2024-10-04
DS-1284,Dataset_284,353199,35,cyber_admin,2025-11-21
DS-1285,Dataset_285,603650,26,analyst2,2025-10-06
DS-1286,Dataset_286,169586,30,data_scientist,2024-08-16
DS-1287,Dataset_287,513150,27,data_scientist,2025-04-17
DS-1288,Dataset_288,532308,26,data_scientist,2025-02-06
DS-1289,Dataset_289,565092,42,analyst1,2025-05-12
DS-1290,Dataset_290,362363,49,analyst2,2024-09-18
DS-1291,Dataset_291,746177,34,cyber_admin,2025-06-24
DS-1292,Dataset_292,960959,23,cyber_admin,2025-03-31
DS-1293,Dataset_293,932639,13,it_admin,2025-06-17
DS-1294,Dataset_294,350485,6,analyst2,2024-04-23
DS-1295,Dataset_295,130278,5,it_admin,2024-07-15
DS-1296,Dataset_296,445627,36,cyber_admin,2025-09-07
DS-1297,Dataset_297,329838,47,it_admin,2025-12-12
DS-1298,Dataset_298,303725,47,analyst1,2024-06-17
DS-1299,Dataset_299,934941,46,cyber_admin,2024-02-18
DS-1300,Dataset_300,527738,10,analyst2,2025-11-08
DS-1301,Dataset_301,12607,43,analyst2,2025-03-23
DS-1302,Dataset_302,697396,48,cyber_admin,2025-09-08
DS-1303,Dataset_303,296737,28,it_admin,2024-02-03
DS-1304,Dataset_304,973920,39,data_scientist,2025-07-24
DS-1305,Dataset_305,854862,48,analyst2,2025-02-17
DS-1306,Dataset_306,520269,13,it_admin,2024-11-12
DS-1307,Dataset_307,680008,47,data_scientist,2024-11-05
DS-1308,Dataset_308,55667,24,analyst2,2024-11-07
DS-1309,Dataset_309,287760,30,data_scientist,2025-08-08
DS-1310,Dataset_310,66146,43,it_admin,2024-10-07
DS-1311,Dataset_311,856488,7,analyst2,2025-10-17
DS-1312,Dataset_312,866697,45,analyst1,2024-10-17
DS-1313,Dataset_313,807816,24,data_scientist,2025-12-02
DS-1314,Dataset_314,792993,35,analyst1,2025-04-29
DS-1315,Dataset_315,545907,43,analyst2,2024-08-18
DS-1316,Dataset_316,58029,10,it_admin,2024-05-26
DS-1317,Dataset_317,616228,30,analyst2,2025-03-16
DS-1318,Dataset_318,382055,36,analyst1,2025-07-20
DS-1319,Dataset_319,261223,33,analyst2,2024-12-08
DS-1320,Dataset_320,976243,14,it_admin,2025-02-16
DS-1321,Dataset_321,297196,48,analyst1,2024-07-02
DS-1322,Dataset_322,792514,11,analyst2,2025-07-25
DS-1323,Dataset_323,673373,50,cyber_admin,2025-04-13
DS-1324,Dataset_324,876803,17,it_admin,2024-09-20
DS-1325,Dataset_325,301760,8,analyst2,2024-07-29
DS-1326,Dataset_326,318765,17,data_scientist,2024-07-09
DS-1327,Dataset_327,491613,16,analyst2,2024-03-19
DS-1328,Dataset_328,421444,30,analyst2,2024-05-23
DS-1329,Dataset_329,75020,25,it_admin,2025-10-18
DS-1330,Dataset_330,84764,10,it_admin,2024-09-19
DS-1331,Dataset_331,924727,22,it_admin,2024-05-07
DS-1332,Dataset_332,54411,44,data_scientist,2025-01-02
DS-1333,Dataset_333,293834,42,data_scientist,2024-09-17
DS-1334,Dataset_334,296424,46,analyst2,2024-05-19
DS-1335,Dataset_335,430187,24,data_scientist,2025-06-14
DS-1336,Dataset_336,927923,39,it_admin,2024-08-28
DS-1337,Dataset_337,328437,6,it_admin,2025-09-30
DS-1338,Dataset_338,539448,20,cyber_admin,2024-12-29
DS-1339,Dataset_339,273671,47,it_admin,2024-06-20
DS-1340,Dataset_340,502173,47,cyber_admin,2024-10-14
DS-1341,Dataset_341,19455,19,it_admin,2025-03-01
DS-1342,Dataset_342,307523,27,it_admin,2025-02-04
DS-1343,Dataset_343,898044,36,analyst2,2024-05-06
DS-1344,Dataset_344,443651,46,data_scientist,2024-04-13
DS-1345,Dataset_345,297096,5,it_admin,2024-07-04
DS-1346,Dataset_346,315244,33,cyber_admin,2025-06-10
DS-1347,Dataset_347,672311,17,analyst1,2024-02-09
DS-1348,Dataset_348,594330,29,analyst2,2024-08-16
DS-1349,Dataset_349,522473,34,cyber_admin,2024-12-14
DS-1350,Dataset_350,220768,40,analyst1,2024-04-16
DS-1351,Dataset_351,333106,45,analyst1,2025-08-04
DS-1352,Dataset_352,701566,45,data_scientist,2025-11-15
DS-1353,Dataset_353,860667,43,it_admin,2024-08-08
DS-1354,Dataset_354,336554,24,it_admin,2024-03-13
DS-1355,Dataset_355,993079,24,it_admin,2025-09-24
DS-1356,Dataset_356,693156,22,analyst2,2025-06-25
DS-1357,Dataset_357,931553,49,analyst2,2025-12-01
DS-1358,Dataset_358,42238,17,it_admin,2024-08-28
DS-1359,Dataset_359,824020,40,analyst2,2025-06-22
DS-1360,Dataset_360,321706,46,data_scientist,2024-09-16
DS-1361,Dataset_361,127400,42,analyst1,2024-10-22
DS-1362,Dataset_362,291814,35,analyst2,2024-08-15
DS-1363,Dataset_363,764855,7,cyber_admin,2024-09-21
DS-1364,Dataset_364,895508,7,analyst2,2025-01-27
DS-1365,Dataset_365,497016,27,data_scientist,2025-09-16
DS-1366,Dataset_366,644302,31,analyst2,2025-01-28
DS-1367,Dataset_367,687239,9,data_scientist,2025-02-24
DS-1368,Dataset_368,758751,37,analyst1,2025-04-15
DS-1369,Dataset_369,883448,32,it_admin,2025-03-30
DS-1370,Dataset_370,959678,16,analyst1,2025-04-30
DS-1371,Dataset_371,689065,42,it_admin,2025-11-27
DS-1372,Dataset_372,74484,50,data_scientist,2024-03-26
DS-1373,Dataset_373,489095,28,analyst2,2024-02-06
DS-1374,Dataset_374,320542,45,analyst2,2024-10-10
DS-1375,Dataset_375,184796,8,analyst2,2025-02-01
DS-1376,Dataset_376,288107,7,cyber_admin,2025-07-08
DS-1377,Dataset_377,19917,22,cyber_admin,2024-06-06
DS-1378,Dataset_378,735969,24,analyst2,2024-05-08
DS-1379,Dataset_379,527463,5,analyst2,2025-07-24
DS-1380,Dataset_380,772802,10,it_admin,2025-06-27
DS-1381,Dataset_381,363991,23,analyst2,2025-08-31
DS-1382,Dataset_382,480844,25,cyber_admin,2024-03-26
DS-1383,Dataset_383,500001,6,data_scientist,2024-03-14
DS-1384,Dataset_384,605823,46,analyst1,2024-04-10
DS-1385,Dataset_385,947926,7,data_scientist,2025-11-03
DS-1386,Dataset_386,669075,43,analyst1,2024-09-14
DS-1387,Dataset_387,444971,41,analyst2,2025-02-06
DS-1388,Dataset_388,447902,19,data_scientist,2025-02-28
DS-1389,Dataset_389,530295,28,analyst2,2025-10-21
DS-1390,Dataset_390,116348,34,data_scientist,2024-12-11
DS-1391,Dataset_391,133872,8,analyst1,2025-02-12
DS-1392,Dataset_392,788592,24,analyst2,2024-03-29
DS-1393,Dataset_393,732617,48,analyst1,2024-08-27
DS-1394,Dataset_394,281062,7,data_scientist,2025-10-16
DS-1395,Dataset_395,743300,13,cyber_admin,2025-10-01
DS-1396,Dataset_396,196869,26,analyst1,2024-03-10
DS-1397,Dataset_397,192349,28,it_admin,2025-04-15
DS-1398,Dataset_398,800594,9,it_admin,2025-06-15
DS-1399,Dataset_399,621152,19,data_scientist,2024-11-11
DS-1400,Dataset_400,563667,50,cyber_admin,2025-01-23
DS-1401,Dataset_401,583980,25,cyber_admin,2025-11-13
DS-1402,Dataset_402,270903,42,data_scientist,2025-02-08
DS-1403,Dataset_403,529660,15,data_scientist,2024-04-14
DS-1404,Dataset_404,84234,15,analyst2,2025-11-30
DS-1405,Dataset_405,352667,8,cyber_admin,2025-07-14
DS-1406,Dataset_406,945000,15,cyber_admin,2024-02-10
DS-1407,Dataset_407,360440,13,analyst2,2024-07-22
DS-1408,Dataset_408,695513,20,data_scientist,2025-11-01
DS-1409,Dataset_409,87549,47,data_scientist,2024-04-23
DS-1410,Dataset_410,928477,7,data_scientist,2025-07-10
DS-1411,Dataset_411,439041,34,it_admin,2025-01-03
DS-1412,Dataset_412,160415,44,data_scientist,2025-04-21
DS-1413,Dataset_413,932637,41,analyst2,2024-03-29
DS-1414,Dataset_414,318504,6,it_admin,2024-06-27
DS-1415,Dataset_415,483893,33,analyst1,2025-11-28
DS-1416,Dataset_416,319954,24,data_scientist,2024-06-09
DS-1417,Dataset_417,390399,13,cyber_admin,2024-10-09
DS-1418,Dataset_418,685939,8,analyst1,2025-10-31
DS-1419,Dataset_419,503159,40,data_scientist,2024-07-24
DS-1420,Dataset_420,979832,33,analyst2,2025-05-06
DS-1421,Dataset_421,113419,33,it_admin,2024-08-05
DS-1422,Dataset_422,764099,38,analyst1,2025-10-21
DS-1423,Dataset_423,317835,32,data_scientist,2025-11-13
DS-1424,Dataset_424,949083,42,data_scientist,2025-05-03
DS-1425,Dataset_425,445225,18,analyst2,2024-03-26
DS-1426,Dataset_426,618933,35,analyst1,2025-03-14
DS-1427,Dataset_427,822034,40,analyst2,2025-02-24
DS-1428,Dataset_428,969380,7,cyber_admin,2024-09-02
DS-1429,Dataset_429,702541,23,it_admin,2025-01-27
DS-1430,Dataset_430,430418,22,it_admin,2025-02-03
DS-1431,Dataset_431,303652,21,it_admin,2024-08-02
DS-1432,Dataset_432,773250,7,cyber_admin,2024-09-11
DS-1433,Dataset_433,584897,6,data_scientist,2024-05-11
DS-1434,Dataset_434,19212,17,data_scientist,2024-12-28
DS-1435,Dataset_435,66024,8,data_scientist,2025-04-11
DS-1436,Dataset_436,977425,15,analyst2,2024-10-16
DS-1437,Dataset_437,35285,19,analyst2,2025-03-18
DS-1438,Dataset_438,746944,38,analyst2,2025-05-12
DS-1439,Dataset_439,12826,26,analyst1,2024-02-19
DS-1440,Dataset_440,33904,9,data_scientist,2024-02-11
DS-1441,Dataset_441,666006,42,it_admin,2024-05-20
DS-1442,Dataset_442,746821,46,cyber_admin,2025-08-22
DS-1443,Dataset_443,843131,32,data_scientist,2025-10-22
DS-1444,Dataset_444,109856,39,analyst2,2025-11-30
DS-1445,Dataset_445,7422,31,analyst1,2024-01-15
DS-1446,Dataset_446,628469,35,analyst2,2025-10-10
DS-1447,Dataset_447,696982,38,it_admin,2024-06-03
DS-1448,Dataset_448,288486,23,data_scientist,2024-09-03
DS-1449,Dataset_449,493895,45,it_admin,2024-04-11
DS-1450,Dataset_450,905615,49,it_admin,2024-04-22
DS-1451,Dataset_451,931044,36,cyber_admin,2024-03-24
DS-1452,Dataset_452,69570,22,analyst2,2025-03-10
DS-1453,Dataset_453,762254,27,it_admin,2024-03-12
DS-1454,Dataset_454,642460,47,data_scientist,2024-01-17
DS-1455,Dataset_455,218128,45,cyber_admin,2025-01-05
DS-1456,Dataset_456,313822,24,data_scientist,2025-10-12
DS-1457,Dataset_457,47013,8,data_scientist,2024-05-08
DS-1458,Dataset_458,598126,5,data_scientist,2025-03-28
DS-1459,Dataset_459,213740,22,it_admin,2025-03-30
DS-1460,Dataset_460,56391,5,analyst1,2024-06-05
DS-1461,Dataset_461,935223,29,analyst1,2024-05-14
DS-1462,Dataset_462,431791,27,data_scientist,2025-01-06
DS-1463,Dataset_463,655169,27,analyst1,2025-04-28
DS-1464,Dataset_464,502712,35,it_admin,2024-10-24
DS-1465,Dataset_465,748205,27,analyst2,2025-09-07
DS-1466,Dataset_466,84591,37,analyst2,2025-03-29
DS-1467,Dataset_467,808529,33,analyst2,2025-09-17
DS-1468,Dataset_468,657423,14,data_scientist,2024-03-31
DS-1469,Dataset_469,754740,36,analyst2,2025-07-26
DS-1470,Dataset_470,492719,19,analyst2,2024-05-16
DS-1471,Dataset_471,614509,14,cyber_admin,2025-03-28
DS-1472,Dataset_472,581628,18,it_admin,2025-05-11
DS-1473,Dataset_473,252452,37,data_scientist,2025-08-24
DS-1474,Dataset_474,759562,30,analyst2,2024-12-19
DS-1475,Dataset_475,835451,24,data_scientist,2024-12-21
DS-1476,Dataset_476,224827,10,analyst2,2024-08-09
DS-1477,Dataset_477,31038,17,data_scientist,2025-10-30
DS-1478,Dataset_478,537310,30,cyber_admin,2025-05-14
DS-1479,Dataset_479,914467,34,data_scientist,2024-08-02
DS-1480,Dataset_480,689448,36,analyst1,2025-12-14
DS-1481,Dataset_481,777981,28,analyst2,2025-03-21
DS-1482,Dataset_482,990293,8,analyst2,2025-10-24
DS-1483,Dataset_483,927847,41,cyber_admin,2025-02-27
DS-1484,Dataset_484,245561,46,analyst1,2025-04-15
DS-1485,Dataset_485,772534,7,analyst2,2024-05-21
DS-1486,Dataset_486,811412,31,data_scientist,2025-04-18
DS-1487,Dataset_487,652812,13,analyst1,2024-04-09
DS-1488,Dataset_488,480572,19,data_scientist,2025-12-02
DS-1489,Dataset_489,123046,49,it_admin,2024-04-16
DS-1490,Dataset_490,633557,49,analyst1,2024-01-21
DS-1491,Dataset_491,263296,11,cyber_admin,2025-12-01
DS-1492,Dataset_492,989678,25,analyst1,2025-12-05
DS-1493,Dataset_493,594430,21,analyst1,2025-07-23
DS-1494,Dataset_494,89122,29,analyst1,2024-11-06
DS-1495,Dataset_495,462550,31,it_admin,2025-07-19
DS-1496,Dataset_496,692014,18,cyber_admin,2024-07-28
DS-1497,Dataset_497,687130,6,analyst1,2025-06-17
DS-1498,Dataset_498,362373,5,cyber_admin,2025-09-15
DS-1499,Dataset_499,166901,7,cyber_admin,2024-10-27
DS-1500,Dataset_500,822140,30,analyst1,2025-04-05
DS-1501,Dataset_501,814500,47,cyber_admin,2025-03-11
DS-1502,Dataset_502,931813,12,analyst2,2025-10-18
DS-1503,Dataset_503,640478,6,analyst2,2024-09-16
DS-1504,Dataset_504,938910,37,data_scientist,2025-02-25
DS-1505,Dataset_505,830869,6,cyber_admin,2025-05-18
DS-1506,Dataset_506,682111,41,data_scientist,2025-03-02
DS-1507,Dataset_507,19971,25,data_scientist,2025-05-23
DS-1508,Dataset_508,108055,23,data_scientist,2025-01-07
DS-1509,Dataset_509,69017,41,it_admin,2025-08-08
DS-1510,Dataset_510,294657,16,cyber_admin,2024-10-13
DS-1511,Dataset_511,952508,35,it_admin,2024-05-06
DS-1512,Dataset_512,616744,5,analyst1,2024-08-04
DS-1513,Dataset_513,890420,49,analyst1,2025-04-13
DS-1514,Dataset_514,359776,35,cyber_admin,2024-09-09
DS-1515,Dataset_515,791378,39,data_scientist,2025-07-14
DS-1516,Dataset_516,946251,44,it_admin,2025-11-03
DS-1517,Dataset_517,627452,14,analyst1,2025-08-17
DS-1518,Dataset_518,267617,31,data_scientist,2024-10-24
DS-1519,Dataset_519,774325,48,analyst1,2024-05-24
DS-1520,Dataset_520,727720,41,analyst1,2025-09-01
DS-1521,Dataset_521,37156,17,analyst1,2024-06-19
DS-1522,Dataset_522,523044,15,data_scientist,2025-07-13
DS-1523,Dataset_523,187346,49,cyber_admin,2024-03-22
DS-1524,Dataset_524,301721,42,analyst2,2025-09-20
DS-1525,Dataset_525,888167,40,data_scientist,2024-12-06
DS-1526,Dataset_526,27599,24,data_scientist,2025-08-02
DS-1527,Dataset_527,655560,44,analyst2,2025-05-21
DS-1528,Dataset_528,28111,33,cyber_admin,2025-11-10
DS-1529,Dataset_529,188367,20,cyber_admin,2025-06-15
DS-1530,Dataset_530,458318,27,analyst1,2024-07-28
DS-1531,Dataset_531,343869,11,analyst1,2024-06-16
DS-1532,Dataset_532,312597,5,analyst2,2024-07-07
DS-1533,Dataset_533,999012,13,analyst1,2025-08-11
DS-1534,Dataset_534,137181,10,cyber_admin,2024-02-21
DS-1535,Dataset_535,859000,8,cyber_admin,2025-04-24
DS-1536,Dataset_536,998660,30,data_scientist,2024-11-22
DS-1537,Dataset_537,463746,22,analyst1,2025-10-17
DS-1538,Dataset_538,216198,40,cyber_admin,2025-11-29
DS-1539,Dataset_539,846734,9,data_scientist,2024-09-18
DS-1540,Dataset_540,602073,40,it_admin,2025-11-06
DS-1541,Dataset_541,588594,5,cyber_admin,2024-12-23
DS-1542,Dataset_542,785506,43,data_scientist,2025-12-13
DS-1543,Dataset_543,440201,10,analyst2,2025-05-26
DS-1544,Dataset_544,6364,34,analyst1,2024-07-29
DS-1545,Dataset_545,719258,38,analyst2,2024-03-01
DS-1546,Dataset_546,797014,48,analyst1,2024-06-26
DS-1547,Dataset_547,524355,35,analyst1,2025-05-14
DS-1548,Dataset_548,912837,21,analyst2,2024-12-02
DS-1549,Dataset_549,649160,7,cyber_admin,2024-06-13
DS-1550,Dataset_550,162719,45,it_admin,2025-05-02
DS-1551,Dataset_551,428503,36,cyber_admin,2024-10-09
DS-1552,Dataset_552,311960,49,data_scientist,2024-10-15
DS-1553,Dataset_553,504760,7,analyst1,2024-09-27
DS-1554,Dataset_554,554675,31,cyber_admin,2025-02-20
DS-1555,Dataset_555,350835,47,analyst1,2024-11-30
DS-1556,Dataset_556,358187,31,cyber_admin,2025-09-18
DS-1557,Dataset_557,138483,38,it_admin,2025-02-18
DS-1558,Dataset_558,196259,29,analyst1,2024-03-03
DS-1559,Dataset_559,120903,18,analyst1,2025-04-02
DS-1560,Dataset_560,2069,32,data_scientist,2024-07-22
DS-1561,Dataset_561,222847,18,analyst1,2024-02-11
DS-1562,Dataset_562,581180,37,it_admin,2025-11-23
DS-1563,Dataset_563,614197,39,cyber_admin,2024-02-25
DS-1564,Dataset_564,819305,41,data_scientist,2025-11-03
DS-1565,Dataset_565,96135,37,data_scientist,2024-09-29
DS-1566,Dataset_566,51069,34,data_scientist,2025-05-10
DS-1567,Dataset_567,606630,22,data_scientist,2024-08-12
DS-1568,Dataset_568,66640,39,analyst2,2024-10-15
DS-1569,Dataset_569,27260,17,data_scientist,2025-05-09
DS-1570,Dataset_570,747290,25,analyst1,2024-07-31
DS-1571,Dataset_571,426494,47,analyst2,2024-12-29
DS-1572,Dataset_572,520399,30,cyber_admin,2025-11-23
DS-1573,Dataset_573,531204,15,analyst1,2025-08-04
DS-1574,Dataset_574,440929,30,cyber_admin,2025-09-11
DS-1575,Dataset_575,309265,19,analyst1,2024-07-31
DS-1576,Dataset_576,209338,48,data_scientist,2024-11-10
DS-1577,Dataset_577,21141,8,analyst1,2025-05-18
DS-1578,Dataset_578,674719,46,analyst1,2024-04-09
DS-1579,Dataset_579,556044,13,analyst2,2025-08-25
DS-1580,Dataset_580,732747,22,analyst1,2024-02-27
DS-1581,Dataset_581,714081,16,analyst2,2024-08-22
DS-1582,Dataset_582,200278,34,analyst2,2024-07-17
DS-1583,Dataset_583,465166,11,data_scientist,2024-08-16
DS-1584,Dataset_584,453408,31,analyst2,2025-06-19
DS-1585,Dataset_585,106332,5,analyst2,2024-09-30
DS-1586,Dataset_586,933141,45,it_admin,2024-01-16
DS-1587,Dataset_587,206590,12,cyber_admin,2025-02-13
DS-1588,Dataset_588,243656,10,analyst1,2025-05-26
DS-1589,Dataset_589,850153,38,analyst2,2024-02-17
DS-1590,Dataset_590,248794,42,analyst2,2024-10-07
DS-1591,Dataset_591,373052,15,it_admin,2024-05-31
DS-1592,Dataset_592,947137,39,analyst2,2025-01-06
DS-1593,Dataset_593,622902,5,analyst2,2025-06-28
DS-1594,Dataset_594,597011,12,analyst1,2024-12-10
DS-1595,Dataset_595,889129,42,it_admin,2025-02-23
DS-1596,Dataset_596,88054,15,cyber_admin,2025-07-07
DS-1597,Dataset_597,846433,25,analyst1,2024-10-24
DS-1598,Dataset_598,791187,6,cyber_admin,2024-05-23
DS-1599,Dataset_599,739638,30,data_scientist,2025-06-04
DS-1600,Dataset_600,757271,45,data_scientist,2025-05-07
DS-1601,Dataset_601,629787,33,it_admin,2024-02-10
DS-1602,Dataset_602,440489,31,cyber_admin,2024-07-26
DS-1603,Dataset_603,428840,31,it_admin,2025-08-13
DS-1604,Dataset_604,266511,14,data_scientist,2024-07-23
DS-1605,Dataset_605,401715,14,data_scientist,2024-02-16
DS-1606,Dataset_606,726172,39,analyst2,2025-07-16
DS-1607,Dataset_607,33761,16,analyst2,2024-03-24
DS-1608,Dataset_608,161958,47,analyst1,2025-11-21
DS-1609,Dataset_609,503156,22,data_scientist,2025-03-28
DS-1610,Dataset_610,408678,11,analyst2,2024-12-25
DS-1611,Dataset_611,49330,49,it_admin,2024-07-15
DS-1612,Dataset_612,815409,25,analyst2,2024-08-02
DS-1613,Dataset_613,969794,35,analyst1,2024-05-21
DS-1614,Dataset_614,581784,30,cyber_admin,2024-06-07
DS-1615,Dataset_615,209345,43,data_scientist,2024-08-13
DS-1616,Dataset_616,303537,13,it_admin,2025-08-07
DS-1617,Dataset_617,528825,27,analyst1,2024-04-03
DS-1618,Dataset_618,287054,49,analyst1,2024-03-20
DS-1619,Dataset_619,221817,5,data_scientist,2025-04-08
DS-1620,Dataset_620,493878,43,data_scientist,2024-07-04
DS-1621,Dataset_621,204253,8,data_scientist,2024-08-07
DS-1622,Dataset_622,962527,44,analyst1,2024-06-24
DS-1623,Dataset_623,944363,12,analyst1,2024-04-17
DS-1624,Dataset_624,589015,25,data_scientist,2025-03-31
DS-1625,Dataset_625,9980,29,analyst2,2025-10-04
DS-1626,Dataset_626,201082,19,cyber_admin,2025-12-03
DS-1627,Dataset_627,570173,37,it_admin,2025-03-05
DS-1628,Dataset_628,248554,6,analyst1,2024-04-10
DS-1629,Dataset_629,506786,15,analyst2,2024-12-13
DS-1630,Dataset_630,739567,8,it_admin,2024-09-07
DS-1631,Dataset_631,744768,20,it_admin,2025-10-23
DS-1632,Dataset_632,868844,25,analyst2,2025-03-08
DS-1633,Dataset_633,577505,31,cyber_admin,2025-07-22
DS-1634,Dataset_634,77014,37,data_scientist,2025-10-15
DS-1635,Dataset_635,953072,6,analyst2,2025-05-12
DS-1636,Dataset_636,946686,49,analyst2,2024-09-26
DS-1637,Dataset_637,112905,34,data_scientist,2024-11-30
DS-1638,Dataset_638,130144,17,analyst1,2024-05-31
DS-1639,Dataset_639,302459,34,analyst2,2024-07-08
DS-1640,Dataset_640,958036,19,cyber_admin,2024-03-26
DS-1641,Dataset_641,54842,28,analyst1,2024-10-24
DS-1642,Dataset_642,186672,42,cyber_admin,2024-02-10
DS-1643,Dataset_643,263958,34,it_admin,2024-02-02
DS-1644,Dataset_644,22151,25,analyst2,2024-03-15
DS-1645,Dataset_645,242083,38,it_admin,2024-08-13
DS-1646,Dataset_646,83231,50,data_scientist,2024-11-09
DS-1647,Dataset_647,296489,16,analyst2,2024-09-02
DS-1648,Dataset_648,674290,50,analyst1,2024-12-03
DS-1649,Dataset_649,726447,41,data_scientist,2024-11-24
DS-1650,Dataset_650,757823,24,analyst1,2024-07-06
DS-1651,Dataset_651,271881,42,cyber_admin,2025-03-14
DS-1652,Dataset_652,232724,17,cyber_admin,2025-08-20
DS-1653,Dataset_653,9133,21,data_scientist,2024-05-21
DS-1654,Dataset_654,522392,32,analyst2,2025-06-20
DS-1655,Dataset_655,187056,41,it_admin,2024-11-01
DS-1656,Dataset_656,437484,41,cyber_admin,2024-10-19
DS-1657,Dataset_657,594036,36,it_admin,2025-01-28
DS-1658,Dataset_658,256519,8,it_admin,2024-11-08
DS-1659,Dataset_659,518420,44,cyber_admin,2024-12-22
DS-1660,Dataset_660,770706,31,data_scientist,2025-12-10
DS-1661,Dataset_661,13426,15,analyst1,2024-05-22
DS-1662,Dataset_662,250367,13,cyber_admin,2025-10-15
DS-1663,Dataset_663,962153,24,it_admin,2024-11-21
DS-1664,Dataset_664,502212,19,analyst1,2024-06-13
DS-1665,Dataset_665,231206,41,analyst2,2024-11-21
DS-1666,Dataset_666,114768,27,analyst1,2025-04-16
DS-1667,Dataset_667,953593,31,analyst2,2024-12-23
DS-1668,Dataset_668,524073,19,it_admin,2024-07-13
DS-1669,Dataset_669,713325,45,analyst2,2025-10-02
DS-1670,Dataset_670,743501,18,it_admin,2024-08-27
DS-1671,Dataset_671,738940,25,it_admin,2025-02-15
DS-1672,Dataset_672,169015,35,it_admin,2025-07-04
DS-1673,Dataset_673,77939,34,cyber_admin,2025-02-03
DS-1674,Dataset_674,537067,42,analyst2,2024-09-03
DS-1675,Dataset_675,902303,12,cyber_admin,2025-11-21
DS-1676,Dataset_676,431959,17,analyst2,2025-11-07
DS-1677,Dataset_677,133967,44,analyst1,2024-07-25
DS-1678,Dataset_678,634215,23,analyst2,2024-03-13
DS-1679,Dataset_679,85315,26,analyst2,2025-11-03
DS-1680,Dataset_680,529354,29,analyst2,2025-10-21
DS-1681,Dataset_681,770403,27,it_admin,2024-05-04
DS-1682,Dataset_682,199932,16,data_scientist,2024-08-08
DS-1683,Dataset_683,151490,47,analyst1,2025-03-15
DS-1684,Dataset_684,601773,24,analyst1,2025-02-10
DS-1685,Dataset_685,587968,26,data_scientist,2024-10-02
DS-1686,Dataset_686,39222,18,it_admin,2024-06-10
DS-1687,Dataset_687,720467,28,data_scientist,2024-03-23
DS-1688,Dataset_688,322917,9,it_admin,2025-06-24
DS-1689,Dataset_689,787905,13,data_scientist,2025-02-09
DS-1690,Dataset_690,482000,23,analyst1,2024-04-12
DS-1691,Dataset_691,576089,22,it_admin,2024-03-19
DS-1692,Dataset_692,177914,17,analyst2,2024-07-23
DS-1693,Dataset_693,36620,12,analyst1,2024-05-07
DS-1694,Dataset_694,766872,50,data_scientist,2025-04-20
DS-1695,Dataset_695,748383,13,cyber_admin,2024-05-21
DS-1696,Dataset_696,118626,25,analyst2,2025-09-14
DS-1697,Dataset_697,120187,49,analyst1,2024-10-14
DS-1698,Dataset_698,684889,13,analyst2,2024-05-31
DS-1699,Dataset_699,987925,14,data_scientist,2024-10-06
DS-1700,Dataset_700,374501,35,it_admin,2024-04-11
DS-1701,Dataset_701,439861,31,analyst2,2024-07-06
DS-1702,Dataset_702,130082,8,data_scientist,2024-05-20
DS-1703,Dataset_703,908100,39,analyst1,2025-01-28
DS-1704,Dataset_704,787349,49,data_scientist,2025-10-28
DS-1705,Dataset_705,783136,46,cyber_admin,2025-06-02
DS-1706,Dataset_706,197090,35,it_admin,2025-03-16
DS-1707,Dataset_707,910020,9,it_admin,2024-03-30
DS-1708,Dataset_708,147813,19,cyber_admin,2024-03-27
DS-1709,Dataset_709,521391,43,analyst2,2025-08-27
DS-1710,Dataset_710,584333,49,cyber_admin,2025-04-26
DS-1711,Dataset_711,972537,21,data_scientist,2025-05-11
DS-1712,Dataset_712,867583,5,analyst1,2025-12-09
DS-1713,Dataset_713,447739,20,analyst2,2025-06-06
DS-1714,Dataset_714,250390,44,data_scientist,2025-03-10
DS-1715,Dataset_715,206476,49,it_admin,2025-09-18
DS-1716,Dataset_716,195798,49,cyber_admin,2024-09-29
DS-1717,Dataset_717,193535,40,data_scientist,2025-02-18
DS-1718,Dataset_718,432931,39,analyst1,2024-06-15
DS-1719,Dataset_719,150642,32,data_scientist,2024-04-20
DS-1720,Dataset_720,78532,9,data_scientist,2024-06-11
DS-1721,Dataset_721,768549,13,it_admin,2025-12-02
DS-1722,Dataset_722,733710,42,cyber_admin,2025-07-05
DS-1723,Dataset_723,432159,17,cyber_admin,2024-02-11
DS-1724,Dataset_724,171336,49,cyber_admin,2025-05-24
DS-1725,Dataset_725,79100,50,analyst1,2025-06-30
DS-1726,Dataset_726,210785,16,data_scientist,2024-06-05
DS-1727,Dataset_727,362811,42,cyber_admin,2025-09-03
DS-1728,Dataset_728,244148,18,it_admin,2025-09-29
DS-1729,Dataset_729,277696,8,analyst1,2024-02-01
DS-1730,Dataset_730,806540,8,analyst2,2025-05-08
DS-1731,Dataset_731,689007,47,data_scientist,2025-06-04
DS-1732,Dataset_732,400887,23,analyst1,2025-04-20
DS-1733,Dataset_733,16918,17,it_admin,2025-02-04
DS-1734,Dataset_734,80721,49,cyber_admin,2024-03-23
DS-1735,Dataset_735,108574,32,cyber_admin,2025-07-03
DS-1736,Dataset_736,109821,29,cyber_admin,2024-01-18
DS-1737,Dataset_737,72447,32,data_scientist,2025-04-15
DS-1738,Dataset_738,244539,5,data_scientist,2024-09-10
DS-1739,Dataset_739,928541,27,it_admin,2024-04-15
DS-1740,Dataset_740,170190,18,data_scientist,2024-08-08
DS-1741,Dataset_741,666821,10,data_scientist,2025-01-15
DS-1742,Dataset_742,884648,22,it_admin,2025-06-05
DS-1743,Dataset_743,218914,8,data_scientist,2024-02-16
DS-1744,Dataset_744,995088,20,analyst1,2025-03-30
DS-1745,Dataset_745,446132,7,it_admin,2024-06-11
DS-1746,Dataset_746,7337,16,data_scientist,2024-12-19
DS-1747,Dataset_747,197018,47,cyber_admin,2025-06-26
DS-1748,Dataset_748,235457,34,analyst2,2024-05-28
DS-1749,Dataset_749,275319,32,cyber_admin,2024-10-21
DS-1750,Dataset_750,821357,7,analyst1,2024-05-18
DS-1751,Dataset_751,683791,43,analyst1,2024-04-19
DS-1752,Dataset_752,360669,24,cyber_admin,2025-09-13
DS-1753,Dataset_753,318453,5,it_admin,2025-05-28
DS-1754,Dataset_754,312831,16,data_scientist,2025-06-16
DS-1755,Dataset_755,179832,32,analyst2,2025-09-21
DS-1756,Dataset_756,500366,6,analyst1,2025-04-01
DS-1757,Dataset_757,359321,33,data_scientist,2024-01-31
DS-1758,Dataset_758,186603,12,it_admin,2024-07-31
DS-1759,Dataset_759,143004,6,analyst2,2024-08-23
DS-1760,Dataset_760,241278,10,it_admin,2025-05-23
DS-1761,Dataset_761,592187,25,it_admin,2024-07-15
DS-1762,Dataset_762,107679,17,data_scientist,2025-05-31
DS-1763,Dataset_763,976281,27,data_scientist,2024-10-18
DS-1764,Dataset_764,267679,40,it_admin,2025-04-01
DS-1765,Dataset_765,311370,26,analyst1,2025-05-14
DS-1766,Dataset_766,13498,43,data_scientist,2024-04-15
DS-1767,Dataset_767,811203,17,analyst1,2024-05-16
DS-1768,Dataset_768,804893,22,data_scientist,2024-09-08
DS-1769,Dataset_769,236868,6,it_admin,2025-10-29
DS-1770,Dataset_770,919232,5,data_scientist,2024-02-17
DS-1771,Dataset_771,601527,8,data_scientist,2025-04-02
DS-1772,Dataset_772,448467,6,cyber_admin,2025-12-08
DS-1773,Dataset_773,869641,12,analyst2,2025-01-20
DS-1774,Dataset_774,860640,20,cyber_admin,2025-11-30
DS-1775,Dataset_775,696223,31,it_admin,2025-10-17
DS-1776,Dataset_776,609978,13,data_scientist,2024-12-14
DS-1777,Dataset_777,904664,30,analyst1,2025-07-06
DS-1778,Dataset_778,841281,24,cyber_admin,2024-03-15
DS-1779,Dataset_779,122216,45,cyber_admin,2024-12-14
DS-1780,Dataset_780,391049,35,analyst2,2024-08-27
DS-1781,Dataset_781,461289,9,cyber_admin,2024-06-23
DS-1782,Dataset_782,312715,40,analyst1,2024-02-17
DS-1783,Dataset_783,100067,10,it_admin,2024-11-15
DS-1784,Dataset_784,598891,25,it_admin,2025-02-12
DS-1785,Dataset_785,335850,47,it_admin,2025-01-31
DS-1786,Dataset_786,245757,18,cyber_admin,2024-01-20
DS-1787,Dataset_787,881971,32,analyst2,2024-08-30
DS-1788,Dataset_788,605086,24,it_admin,2025-04-05
DS-1789,Dataset_789,639013,46,cyber_admin,2025-11-11
DS-1790,Dataset_790,79419,42,it_admin,2024-09-25
DS-1791,Dataset_791,189768,11,data_scientist,2025-01-03
DS-1792,Dataset_792,406600,15,it_admin,2024-07-19
DS-1793,Dataset_793,759340,43,data_scientist,2025-01-07
DS-1794,Dataset_794,579780,20,analyst1,2025-04-08
DS-1795,Dataset_795,557983,17,analyst1,2025-03-27
DS-1796,Dataset_796,264914,37,analyst1,2024-03-07
DS-1797,Dataset_797,800028,37,analyst1,2025-07-26
DS-1798,Dataset_798,406483,46,analyst2,2024-11-04
DS-1799,Dataset_799,738521,45,cyber_admin,2025-09-28
DS-1800,Dataset_800,156829,26,analyst2,2025-07-21
DS-1801,Dataset_801,291585,30,analyst1,2025-04-12
DS-1802,Dataset_802,687736,29,cyber_admin,2025-02-04
DS-1803,Dataset_803,69747,16,analyst1,2024-10-27
DS-1804,Dataset_804,853421,25,cyber_admin,2025-01-05
DS-1805,Dataset_805,330165,20,it_admin,2024-04-26
DS-1806,Dataset_806,353637,19,data_scientist,2025-10-28
DS-1807,Dataset_807,316375,7,analyst1,2025-07-06
DS-1808,Dataset_808,357753,36,analyst2,2025-10-16
DS-1809,Dataset_809,160034,7,analyst1,2025-04-16
DS-1810,Dataset_810,810992,25,it_admin,2024-08-21
DS-1811,Dataset_811,19045,33,cyber_admin,2025-06-02
DS-1812,Dataset_812,196566,5,data_scientist,2025-01-20
DS-1813,Dataset_813,740399,7,cyber_admin,2025-04-08
DS-1814,Dataset_814,118671,35,it_admin,2025-10-28
DS-1815,Dataset_815,312648,49,it_admin,2025-05-11
DS-1816,Dataset_816,338251,12,it_admin,2024-10-06
DS-1817,Dataset_817,659778,9,cyber_admin,2025-05-05
DS-1818,Dataset_818,66063,42,cyber_admin,2025-12-04
DS-1819,Dataset_819,838836,18,analyst1,2024-05-08
DS-1820,Dataset_820,681598,37,cyber_admin,2025-02-28
DS-1821,Dataset_821,386098,28,cyber_admin,2024-03-18
DS-1822,Dataset_822,668543,35,it_admin,2025-06-08
DS-1823,Dataset_823,835060,18,it_admin,2024-02-01
DS-1824,Dataset_824,455256,47,analyst2,2025-09-01
DS-1825,Dataset_825,273840,40,it_admin,2025-12-13
DS-1826,Dataset_826,702517,18,data_scientist,2025-06-11
DS-1827,Dataset_827,24880,49,analyst1,2024-10-27
DS-1828,Dataset_828,633337,28,cyber_admin,2025-08-19
DS-1829,Dataset_829,43787,26,analyst2,2024-05-26
DS-1830,Dataset_830,496464,37,analyst2,2024-03-05
DS-1831,Dataset_831,364235,43,it_admin,2025-07-05
DS-1832,Dataset_832,912609,27,cyber_admin,2024-07-06
DS-1833,Dataset_833,744367,49,analyst2,2024-11-15
DS-1834,Dataset_834,313145,16,cyber_admin,2025-03-19
DS-1835,Dataset_835,508601,32,analyst1,2024-11-30
DS-1836,Dataset_836,837390,40,analyst2,2025-04-17
DS-1837,Dataset_837,466874,43,it_admin,2024-04-12
DS-1838,Dataset_838,812225,20,data_scientist,2025-05-04
DS-1839,Dataset_839,473903,6,data_scientist,2024-04-21
DS-1840,Dataset_840,848158,38,analyst1,2024-05-09
DS-1841,Dataset_841,854826,49,analyst1,2024-10-08
DS-1842,Dataset_842,71530,13,analyst2,2024-04-14
DS-1843,Dataset_843,843786,29,data_scientist,2025-06-14
DS-1844,Dataset_844,73459,33,data_scientist,2025-08-29
DS-1845,Dataset_845,339084,18,cyber_admin,2025-12-06
DS-1846,Dataset_846,382516,19,analyst2,2025-01-05
DS-1847,Dataset_847,812325,11,analyst1,2025-09-12
DS-1848,Dataset_848,716372,28,cyber_admin,2025-06-19
DS-1849,Dataset_849,143188,40,analyst2,2024-11-27
DS-1850,Dataset_850,843081,22,analyst1,2025-04-18
DS-1851,Dataset_851,716848,5,data_scientist,2024-01-18
DS-1852,Dataset_852,431380,29,analyst1,2025-03-20
DS-1853,Dataset_853,198971,46,analyst1,2024-08-16
DS-1854,Dataset_854,178628,11,data_scientist,2025-11-19
DS-1855,Dataset_855,32532,46,analyst2,2024-11-01
DS-1856,Dataset_856,713028,17,cyber_admin,2025-07-15
DS-1857,Dataset_857,258870,28,it_admin,2024-09-07
DS-1858,Dataset_858,995982,14,data_scientist,2024-08-31
DS-1859,Dataset_859,791401,22,data_scientist,2024-12-12
DS-1860,Dataset_860,836892,27,analyst1,2024-11-05
DS-1861,Dataset_861,799510,32,analyst1,2025-06-09
DS-1862,Dataset_862,680182,49,cyber_admin,2025-04-29
DS-1863,Dataset_863,32515,13,analyst1,2024-02-16
DS-1864,Dataset_864,549016,39,cyber_admin,2025-08-15
DS-1865,Dataset_865,578706,28,data_scientist,2025-08-11
DS-1866,Dataset_866,358795,6,analyst1,2025-10-05
DS-1867,Dataset_867,204836,34,analyst2,2024-03-25
DS-1868,Dataset_868,148335,23,analyst1,2025-08-25
DS-1869,Dataset_869,783545,42,analyst2,2025-08-06
DS-1870,Dataset_870,247915,20,analyst2,2024-06-27
DS-1871,Dataset_871,663009,12,data_scientist,2025-08-27
DS-1872,Dataset_872,806573,12,cyber_admin,2025-02-04
DS-1873,Dataset_873,315347,7,analyst2,2025-11-24
DS-1874,Dataset_874,6239,33,analyst1,2024-12-31
DS-1875,Dataset_875,965140,35,analyst2,2024-11-17
DS-1876,Dataset_876,214052,32,cyber_admin,2025-03-26
DS-1877,Dataset_877,372150,29,cyber_admin,2025-07-15
DS-1878,Dataset_878,403324,24,analyst2,2025-04-22
DS-1879,Dataset_879,186647,18,cyber_admin,2024-09-06
DS-1880,Dataset_880,618595,20,data_scientist,2024-10-10
DS-1881,Dataset_881,155656,32,it_admin,2025-08-05
DS-1882,Dataset_882,197146,27,cyber_admin,2024-01-28
DS-1883,Dataset_883,231014,23,cyber_admin,2025-12-08
DS-1884,Dataset_884,699944,41,analyst1,2025-10-17
DS-1885,Dataset_885,338870,21,analyst1,2025-10-10
DS-1886,Dataset_886,545332,5,analyst1,2025-04-13
DS-1887,Dataset_887,97026,37,it_admin,2024-04-26
DS-1888,Dataset_888,170767,49,analyst2,2024-08-29
DS-1889,Dataset_889,222104,22,it_admin,2024-04-19
DS-1890,Dataset_890,601572,42,analyst2,2025-08-03
DS-1891,Dataset_891,624068,48,cyber_admin,2024-09-10
DS-1892,Dataset_892,177033,25,cyber_admin,2025-08-21
DS-1893,Dataset_893,554800,41,data_scientist,2025-01-27
DS-1894,Dataset_894,490818,40,cyber_admin,2024-09-20
DS-1895,Dataset_895,819901,35,analyst2,2024-04-16
DS-1896,Dataset_896,561200,50,analyst2,2025-06-15
DS-1897,Dataset_897,475077,19,cyber_admin,2024-10-26
DS-1898,Dataset_898,850726,30,analyst1,2025-08-21
DS-1899,Dataset_899,497078,29,cyber_admin,2024-08-02
DS-1900,Dataset_900,419722,35,data_scientist,2025-01-14
DS-1901,Dataset_901,98223,38,analyst1,2024-07-09
DS-1902,Dataset_902,526495,15,data_scientist,2025-09-29
DS-1903,Dataset_903,997016,33,analyst1,2025-07-22
DS-1904,Dataset_904,497960,40,cyber_admin,2025-11-23
DS-1905,Dataset_905,485586,29,cyber_admin,2025-09-08
DS-1906,Dataset_906,728340,7,analyst2,2025-04-19
DS-1907,Dataset_907,531860,34,analyst2,2024-04-15
DS-1908,Dataset_908,496649,19,analyst2,2024-11-12
DS-1909,Dataset_909,22147,37,data_scientist,2024-02-21
DS-1910,Dataset_910,526528,30,it_admin,2024-03-06
DS-1911,Dataset_911,704601,49,cyber_admin,2025-02-23
DS-1912,Dataset_912,732891,41,it_admin,2025-09-02
DS-1913,Dataset_913,178625,18,data_scientist,2024-07-07
DS-1914,Dataset_914,790661,49,it_admin,2025-03-28
DS-1915,Dataset_915,321381,43,it_admin,2024-05-28
DS-1916,Dataset_916,667700,39,data_scientist,2024-04-09
DS-1917,Dataset_917,691820,12,it_admin,2025-01-07
DS-1918,Dataset_918,197420,50,cyber_admin,2024-04-19
DS-1919,Dataset_919,271579,40,analyst2,2024-02-23
DS-1920,Dataset_920,842459,23,analyst2,2025-02-05
DS-1921,Dataset_921,37979,43,it_admin,2025-02-03
DS-1922,Dataset_922,332254,22,analyst2,2024-05-11
DS-1923,Dataset_923,754576,10,cyber_admin,2024-12-27
DS-1924,Dataset_924,472738,42,analyst2,2024-07-25
DS-1925,Dataset_925,5927,6,analyst1,2025-10-13
DS-1926,Dataset_926,885239,5,analyst1,2024-02-26
DS-1927,Dataset_927,341630,29,analyst2,2025-05-19
DS-1928,Dataset_928,568832,25,data_scientist,2024-07-26
DS-1929,Dataset_929,146449,8,it_admin,2025-03-12
DS-1930,Dataset_930,848325,9,cyber_admin,2024-12-25
DS-1931,Dataset_931,51602,31,analyst1,2025-12-03
DS-1932,Dataset_932,657235,20,cyber_admin,2024-08-11
DS-1933,Dataset_933,172545,42,data_scientist,2025-01-12
DS-1934,Dataset_934,816468,12,analyst1,2025-08-02
DS-1935,Dataset_935,90064,47,analyst1,2025-06-04
DS-1936,Dataset_936,65387,43,analyst1,2024-02-25
DS-1937,Dataset_937,891025,38,it_admin,2025-05-19
DS-1938,Dataset_938,261429,10,analyst1,2024-08-26
DS-1939,Dataset_939,884574,40,analyst1,2025-05-13
DS-1940,Dataset_940,199441,9,data_scientist,2025-06-26
DS-1941,Dataset_941,248449,7,cyber_admin,2025-02-04
DS-1942,Dataset_942,458911,24,cyber_admin,2025-07-10
DS-1943,Dataset_943,101913,15,analyst1,2024-01-30
DS-1944,Dataset_944,240661,43,data_scientist,2024-12-05
DS-1945,Dataset_945,346989,8,it_admin,2025-04-11
DS-1946,Dataset_946,308632,36,data_scientist,2024-02-19
DS-1947,Dataset_947,96038,48,analyst1,2025-08-24
DS-1948,Dataset_948,841629,5,cyber_admin,2024-12-13
DS-1949,Dataset_949,996292,28,analyst1,2024-11-20
DS-1950,Dataset_950,198996,30,analyst2,2024-12-02
DS-1951,Dataset_951,447472,10,data_scientist,2024-09-18
DS-1952,Dataset_952,862310,5,analyst1,2024-03-22
DS-1953,Dataset_953,677289,6,analyst2,2024-07-21
DS-1954,Dataset_954,917482,34,data_scientist,2025-04-21
DS-1955,Dataset_955,722783,41,it_admin,2024-06-08
DS-1956,Dataset_956,68734,16,data_scientist,2025-06-12
DS-1957,Dataset_957,924737,18,it_admin,2025-01-20
DS-1958,Dataset_958,178232,21,analyst1,2025-02-24
DS-1959,Dataset_959,685380,49,data_scientist,2025-09-18
DS-1960,Dataset_960,380304,27,it_admin,2025-09-14
DS-1961,Dataset_961,740161,13,analyst1,2025-01-01
DS-1962,Dataset_962,263641,8,analyst2,2025-10-09
DS-1963,Dataset_963,518195,13,cyber_admin,2024-07-25
DS-1964,Dataset_964,925405,34,it_admin,2025-01-17
DS-1965,Dataset_965,509805,16,it_admin,2025-05-09
DS-1966,Dataset_966,226935,39,cyber_admin,2025-07-19
DS-1967,Dataset_967,616976,9,data_scientist,2025-10-21
DS-1968,Dataset_968,361874,35,analyst1,2025-06-07
DS-1969,Dataset_969,126150,7,analyst2,2025-10-04
DS-1970,Dataset_970,242194,18,it_admin,2024-08-16
DS-1971,Dataset_971,10520,41,data_scientist,2025-05-10
DS-1972,Dataset_972,587009,16,analyst2,2024-04-25
DS-1973,Dataset_973,461312,22,it_admin,2025-01-27
DS-1974,Dataset_974,948586,50,it_admin,2025-12-05
DS-1975,Dataset_975,750990,28,data_scientist,2025-07-17
DS-1976,Dataset_976,314700,43,analyst1,2024-08-24
DS-1977,Dataset_977,812154,22,analyst2,2025-11-14
DS-1978,Dataset_978,519892,46,analyst1,2024-11-04
DS-1979,Dataset_979,710767,29,data_scientist,2024-12-29
DS-1980,Dataset_980,976773,14,analyst1,2025-07-28
DS-1981,Dataset_981,195341,29,it_admin,2024-04-19
DS-1982,Dataset_982,63387,33,analyst2,2025-03-04
DS-1983,Dataset_983,728581,17,cyber_admin,2024-08-05
DS-1984,Dataset_984,785927,21,analyst1,2025-12-11
DS-1985,Dataset_985,718640,42,analyst2,2025-08-14
DS-1986,Dataset_986,168273,46,analyst1,2024-04-01
DS-1987,Dataset_987,596550,47,analyst2,2024-11-11
DS-1988,Dataset_988,841335,11,cyber_admin,2025-03-17
DS-1989,Dataset_989,210005,32,data_scientist,2024-10-23
DS-1990,Dataset_990,231420,7,cyber_admin,2024-07-05
DS-1991,Dataset_991,769884,6,analyst2,2025-03-24
DS-1992,Dataset_992,803496,36,cyber_admin,2025-10-26
DS-1993,Dataset_993,408266,37,it_admin,2025-01-22
DS-1994,Dataset_994,730120,49,analyst1,2025-09-11
DS-1995,Dataset_995,615137,42,analyst2,2025-05-13
DS-1996,Dataset_996,39599,41,analyst1,2025-01-06
DS-1997,Dataset_997,702777,7,analyst1,2025-05-18
DS-1998,Dataset_998,252588,36,it_admin,2024-11-06
DS-1999,Dataset_999,840936,40,data_scientist,2025-10-11
